baseline	n_clips	SeqAcc	CharAcc	TTS	Flicker_full	Flicker_crop	MUSIQ_full	MUSIQ_crop	PSNR_loc	SSIM_loc	LPIPS_loc
identity	157	0.0000	0.3165	0.7599	3.7226	3.6812	70.3292	45.1222	100.0000	1.0000	0.0000
ViTeX-14B	157	0.3412	0.6880	0.6478	3.2739	3.4247	69.6350	43.5296	29.0774	0.9512	0.0603
anytext2	157	0.2797	0.6332	0.3819	3.3399	4.9546	66.6755	41.6532	25.5558	0.9047	0.0915
text_ctrl	157	0.4748	0.7335	0.5108	3.8040	4.2870	70.3222	42.7729	41.1434	0.9944	0.0080
fluxtext	157	0.5284	0.7368	0.3255	5.1143	14.8141	70.2592	43.8544	31.4889	0.9747	0.0286
re-ste	157	0.3540	0.6259	0.5337	3.7282	3.6629	69.5717	34.2648	37.0024	0.9831	0.0235
text_ctrl+anyv2v	157	0.0568	0.3078	0.2567	4.9803	4.9770	69.4109	33.8511	21.0843	0.7847	0.2250
wan2.2vace14b	157	0.0000	0.2984	0.6895	3.7774	3.8411	70.5371	45.2567	35.2116	0.9762	0.0218
videopainter	157	0.3645	0.6188	0.6058	2.3834	2.6194	67.1600	40.5877	28.5560	0.9152	0.1040
kling	157	0.0000	0.2075	0.6409	4.2477	4.0813	72.2327	47.7458	21.1816	0.8430	0.1759
